,Ticker
0,AADI
1,AAGR
2,AAL
3,AAOI
4,AAPD
5,AAPL
6,AAPU
7,AAXJ
8,ABAT
9,ABCB
10,ABCL
11,ABOS
12,ABVC
13,ACAD
14,ACB
15,ACCD
16,ACDC
17,ACIW
18,ACLS
19,ACON
20,ACRS
21,ACT
22,ACVA
23,ACWX
24,ADBE
25,ADD
26,ADEA
27,ADI
28,ADIL
29,ADN
30,ADPT
31,ADTN
32,ADTX
33,ADV
34,AEHR
35,AEIS
36,AEP
37,AEY
38,AFRM
39,AGEN
40,AGFY
41,AGNC
42,AGRI
43,AGRX
44,AGYS
45,AHCO
46,AIMD
47,AIRE
48,AISP
49,AKAM
50,AKAN
51,AKBA
52,AKLI
53,AKRO
54,AKTS
55,AKYA
56,ALCE
57,ALDX
58,ALEC
59,ALGS
60,ALGT
61,ALHC
62,ALKS
63,ALKT
64,ALLK
65,ALNY
66,ALT
67,ALTO
68,AMAM
69,AMBA
70,AMCX
71,AMED
72,AMGN
73,AMKR
74,AMLI
75,AMLX
76,AMPH
77,AMPL
78,AMRK
79,AMRX
80,AMTX
81,ANGL
82,ANGO
83,ANNX
84,ANSS
85,ANTX
86,ANY
87,APA
88,APLD
89,APLM
90,APLS
91,APM
92,APPN
93,APPS
94,AQMS
95,AQST
96,ARAY
97,ARBK
98,ARCC
99,AREC
100,ARGX
101,ARKO
102,ARLP
103,ARRY
104,ARWR
105,ASLE
106,ASLN
107,ASRT
108,ASTI
109,ASTL
110,ASTR
111,ASTS
112,ATAI
113,ATEC
114,ATOM
115,ATPC
116,ATRC
117,ATSG
118,ATXI
119,AUGX
120,AUPH
121,AUR
122,AUTL
123,AUUD
124,AUVI
125,AVBP
126,AVDL
127,AVDX
128,AVPT
129,AVRO
130,AVT
131,AVXL
132,AWIN
133,AXNX
134,AXSM
135,AXTI
136,AY
137,AZN
138,AZTA
139,BACK
140,BAND
141,BBIO
142,BBLG
143,BCAB
144,BCAN
145,BCDA
146,BCLI
147,BCOV
148,BCRX
149,BDRX
150,BEAT
151,BECN
152,BENF
153,BETR
154,BETS
155,BFRI
156,BGFV
157,BGNE
158,BGXX
159,BHAT
160,BHF
161,BIDU
162,BIGC
163,BIIB
164,BILI
165,BIOL
166,BIOR
167,BIRD
168,BIVI
169,BJRI
170,BKCC
171,BKR
172,BKYI
173,BL
174,BLDE
175,BLDP
176,BLFS
177,BLKB
178,BLMN
179,BLNK
180,BLRX
181,BLUE
182,BMBL
183,BMEA
184,BMRN
185,BND
186,BNDX
187,BNGO
188,BNOX
189,BNTX
190,BNZI
191,BOOM
192,BPMC
193,BPOP
194,BRKL
195,BRSH
196,BRTX
197,BSCO
198,BSCP
199,BSCQ
200,BSCR
201,BSCS
202,BSCT
203,BSCU
204,BSFC
205,BSGM
206,BSJO
207,BSJP
208,BTBT
209,BTCS
210,BTDR
211,BTM
212,BTSG
213,BTSGU
214,BTTX
215,BUFC
216,BUG
217,BYND
218,BZ
219,BZFD
220,BZUN
221,CABA
222,CAKE
223,CAN
224,CAPR
225,CAR
226,CARA
227,CARG
228,CASA
229,CASI
230,CASY
231,CATY
232,CAUD
233,CBRL
234,CBSH
235,CCCS
236,CCRN
237,CCSI
238,CCTG
239,CDIO
240,CDLX
241,CDNA
242,CDTX
243,CDXS
244,CELZ
245,CENX
246,CERE
247,CERT
248,CETY
249,CFFN
250,CGBD
251,CGC
252,CGNX
253,CGON
254,CGTX
255,CHDN
256,CHKP
257,CHNR
258,CHRS
259,CHRW
260,CHTR
261,CIFR
262,CING
263,CISO
264,CISS
265,CKPT
266,CLAR
267,CLDX
268,CLNE
269,CLOU
270,CLOV
271,CLRB
272,CLRO
273,CLSD
274,CMCSA
275,CMND
276,CMPS
277,CMPX
278,CMTL
279,CNDT
280,CNEY
281,CNSL
282,CNSP
283,CNXC
284,COCH
285,COCO
286,COEP
287,COHU
288,COIN
289,COLB
290,COLL
291,COMM
292,CORT
293,COSM
294,CPRX
295,CPSI
296,CRCT
297,CRDF
298,CRGE
299,CRGX
300,CRKN
301,CRMD
302,CRNC
303,CRNX
304,CRON
305,CRSR
306,CRVS
307,CSCO
308,CSGP
309,CSIQ
310,CSSE
311,CSWC
312,CTKB
313,CTLP
314,CTMX
315,CTRM
316,CTXR
317,CUE
318,CUTR
319,CVAC
320,CVBF
321,CVII
322,CYRX
323,CYTK
324,CYTO
325,CZR
326,DAKT
327,DAPP
328,DARE
329,DATS
330,DAWN
331,DBX
332,DCFC
333,DCGO
334,DCOM
335,DCPH
336,DCTH
337,DENN
338,DERM
339,DFLI
340,DGHI
341,DH
342,DHC
343,DIOD
344,DLO
345,DMTK
346,DNLI
347,DNUT
348,DOCU
349,DOGZ
350,DOX
351,DOYU
352,DPRO
353,DRMA
354,DSKE
355,DUO
356,DUOL
357,DVAX
358,DVY
359,DXCM
360,DXLG
361,EBAY
362,EBC
363,EDIT
364,EGBN
365,EGHT
366,EGOX
367,EH
368,EHTH
369,EJH
370,EKSO
371,ELAB
372,EMB
373,EMBC
374,EMKR
375,EMXC
376,ENSC
377,ENVB
378,ENVX
379,EOSE
380,ERAS
381,ERIC
382,ERII
383,ESGD
384,ESGE
385,ESPR
386,ETNB
387,ETSY
388,EUFN
389,EVAX
390,EVGO
391,EVLV
392,EVRG
393,EWBC
394,EWCZ
395,EWZS
396,EXAI
397,EXAS
398,EXC
399,EXEL
400,EXFY
401,EXLS
402,EXPE
403,EXPI
404,EXPO
405,EXTR
406,EYE
407,EYEN
408,EZFL
409,EZGO
410,FALN
411,FAMI
412,FARO
413,FAZE
414,FBIO
415,FCEL
416,FDUS
417,FEAM
418,FFBC
419,FFIE
420,FHB
421,FIBK
422,FITB
423,FIVE
424,FIVN
425,FIXD
426,FLGT
427,FLJ
428,FLNC
429,FLWS
430,FLYW
431,FNGR
432,FNKO
433,FOLD
434,FOSL
435,FOX
436,FOXA
437,FOXF
438,FRGT
439,FRME
440,FRSH
441,FRSX
442,FSLR
443,FTCI
444,FTDR
445,FTGC
446,FTSL
447,FTSM
448,FULT
449,FUTU
450,FWBI
451,FWRD
452,FYBR
453,GAN
454,GDHG
455,GDS
456,GEN
457,GERN
458,GEVO
459,GFAI
460,GFS
461,GGE
462,GGR
463,GH
464,GIII
465,GILD
466,GLAD
467,GLBE
468,GLNG
469,GLPI
470,GLTO
471,GLYC
472,GMAB
473,GMBL
474,GMM
475,GO
476,GOEV
477,GOGO
478,GOOD
479,GOOG
480,GOOGL
481,GPAK
482,GPCR
483,GPRE
484,GPRO
485,GRAB
486,GRCL
487,GRDI
488,GREE
489,GRFS
490,GRI
491,GROM
492,GRTS
493,GRWG
494,GSIT
495,GSM
496,GT
497,GTHX
498,GTX
499,GUTS
500,HA
501,HAFC
502,HAIN
503,HARP
504,HAS
505,HBAN
506,HCAT
507,HCP
508,HEPS
509,HIMX
510,HITI
511,HIVE
512,HLMN
513,HLP
514,HNRG
515,HOLI
516,HON
517,HOOK
518,HOPE
519,HOTH
520,HOVR
521,HRMY
522,HRYU
523,HRZN
524,HSAI
525,HSCS
526,HSDT
527,HSIC
528,HST
529,HTBK
530,HTLD
531,HTLF
532,HTZ
533,HUBC
534,HUBG
535,HUT
536,HWC
537,HYZN
538,IBB
539,IBOC
540,IBTE
541,IBTF
542,IBTG
543,IBTX
544,ICAD
545,ICCM
546,ICLN
547,ICVX
548,IDAI
549,IDEX
550,IDXX
551,IEF
552,IEI
553,IFRX
554,IGF
555,IGIB
556,IGSB
557,IIIV
558,IKNA
559,ILMN
560,ILPT
561,IMAB
562,IMCR
563,IMMR
564,IMMX
565,IMRN
566,IMRX
567,IMUX
568,IMVT
569,IMXI
570,INCY
571,INDB
572,INDI
573,INM
574,INMD
575,INO
576,INSM
577,INTC
578,INTR
579,INTZ
580,INVA
581,INVZ
582,IONS
583,IPGP
584,IQ
585,IRBT
586,IRDM
587,IRTC
588,ISTB
589,ISUN
590,ITCI
591,ITOS
592,ITRI
593,ITRM
594,IUSB
595,IUSV
596,IVP
597,IVVD
598,IXUS
599,IZM
600,JACK
601,JAGX
602,JAZZ
603,JD
604,JFBR
605,JKHY
606,JL
607,JTAI
608,KALV
609,KBWB
610,KC
611,KDP
612,KHC
613,KITT
614,KLIC
615,KNTE
616,KOPN
617,KRNY
618,KRON
619,KRTX
620,KRYS
621,KSCP
622,KTRA
623,KXIN
624,KZIA
625,KZR
626,LAND
627,LAUR
628,LAZR
629,LBAI
630,LBPH
631,LBRDK
632,LBTYA
633,LBTYK
634,LCID
635,LEGN
636,LESL
637,LFST
638,LGMK
639,LGVN
640,LI
641,LICN
642,LIDR
643,LIFW
644,LILA
645,LILAK
646,LILM
647,LIND
648,LITE
649,LLYVK
650,LMBS
651,LNT
652,LNTH
653,LNZA
654,LOCO
655,LOGI
656,LOVE
657,LPRO
658,LPSN
659,LPTX
660,LQR
661,LRHC
662,LSEA
663,LSTR
664,LSXMA
665,LSXMK
666,LTRN
667,LTRX
668,LTRY
669,LULU
670,LUXH
671,LWLG
672,LX
673,LYRA
674,LYT
675,LZ
676,MARA
677,MARK
678,MAXN
679,MBB
680,MBLY
681,MBOT
682,MBUU
683,MCHI
684,MCHP
685,MCRB
686,MDAI
687,MDGL
688,MDLZ
689,MDRX
690,MDXG
691,ME
692,MEGL
693,MEOH
694,MERC
695,MESA
696,MESO
697,METC
698,MFIC
699,MGAM
700,MGEE
701,MGNI
702,MGOL
703,MGPI
704,MGRX
705,MGTX
706,MHUA
707,MIGI
708,MIRA
709,MIRM
710,MIST
711,MITK
712,MKTX
713,MLCO
714,MLEC
715,MLGO
716,MLTX
717,MMAT
718,MMSI
719,MNKD
720,MNST
721,MNTK
722,MNTS
723,MOBX
724,MODD
725,MOMO
726,MOTS
727,MQ
728,MRAI
729,MRCY
730,MRNA
731,MRNS
732,MRTN
733,MRVI
734,MRVL
735,MSAI
736,MTC
737,MTCH
738,MTSI
739,MTTR
740,MU
741,MULN
742,MURA
743,MVIS
744,MVLA
745,MVST
746,MXCT
747,MXL
748,MYPS
749,NAAS
750,NARI
751,NAVI
752,NBIX
753,NBSE
754,NCMI
755,NCNO
756,NCPL
757,NDAQ
758,NDLS
759,NEGG
760,NEO
761,NEOG
762,NEPT
763,NFBK
764,NFE
765,NIU
766,NKGN
767,NKLA
768,NKTX
769,NMFC
770,NMIH
771,NMRK
772,NN
773,NRIX
774,NRXP
775,NSTG
776,NTAP
777,NTCT
778,NTGR
779,NTLA
780,NTRS
781,NUKK
782,NUTX
783,NUWE
784,NVAX
785,NVD
786,NVDS
787,NVEI
788,NVFY
789,NVIV
790,NVTS
791,NVVE
792,NWBI
793,NWE
794,NWL
795,NXL
796,NXST
797,NXTP
798,NXU
799,NYMT
800,OABI
801,OCEA
802,OCFC
803,OCSL
804,OCUP
805,ODD
806,ODP
807,OFIX
808,OKTA
809,OLED
810,OLK
811,OLPX
812,OM
813,OMCL
814,OMGA
815,OMH
816,ON
817,ONB
818,ONCO
819,ONCY
820,ONDS
821,OPCH
822,OPEN
823,OPI
824,OPK
825,OPRA
826,OPRT
827,ORGN
828,ORGO
829,OSA
830,OSPN
831,OST
832,OSUR
833,OSW
834,OTEX
835,OTLY
836,OTRK
837,OTTR
838,OXLC
839,OZK
840,PACB
841,PALI
842,PANW
843,PARA
844,PBLA
845,PBM
846,PCH
847,PCRX
848,PCSA
849,PDBC
850,PDCO
851,PDD
852,PDSB
853,PECO
854,PEGY
855,PENN
856,PEP
857,PERI
858,PETQ
859,PETS
860,PEY
861,PFF
862,PFG
863,PGEN
864,PHIO
865,PIII
866,PINC
867,PIRS
868,PIXY
869,PLAB
870,PLBY
871,PLCE
872,PLL
873,PLRX
874,PLSE
875,PLTK
876,PLUG
877,PLUS
878,PMVP
879,PNFP
880,PODD
881,POOL
882,POWI
883,PPBI
884,PPC
885,PRCH
886,PRDO
887,PRGS
888,PRME
889,PROK
890,PRQR
891,PRSO
892,PRST
893,PRTA
894,PRTS
895,PRVA
896,PRZO
897,PSEC
898,PSNL
899,PSNY
900,PTCT
901,PTLO
902,PTON
903,PTVE
904,PWFL
905,PXMD
906,PYCR
907,PYPL
908,PZZA
909,QCLN
910,QDEL
911,QFIN
912,QLYS
913,QNRX
914,QSI
915,QTRX
916,QUBT
917,QUIK
918,QURE
919,QYLD
920,RAPT
921,RARE
922,RAYA
923,RBBN
924,RCAT
925,RCKT
926,RCON
927,RDFN
928,RDHL
929,RDVY
930,REAL
931,REG
932,REKR
933,RELY
934,RENB
935,RENT
936,REPL
937,REVB
938,RGF
939,RGLD
940,RGP
941,RIGL
942,RILY
943,RIOT
944,RIVN
945,RKLB
946,RLAY
947,RLYB
948,RMBS
949,RMCO
950,RMNI
951,RMTI
952,RNAZ
953,RNW
954,ROI
955,ROIC
956,ROIV
957,ROKU
958,ROMA
959,ROOT
960,ROVR
961,RPAY
962,RPD
963,RPHM
964,RPID
965,RR
966,RRGB
967,RSLS
968,RTC
969,RUN
970,RUSHA
971,RVMD
972,RVNC
973,RVPH
974,RXRX
975,RYZB
976,SABR
977,SAGE
978,SASI
979,SASR
980,SAVA
981,SBAC
982,SBCF
983,SBFM
984,SBRA
985,SBUX
986,SCLX
987,SCPH
988,SCRM
989,SCYX
990,SCZ
991,SDA
992,SDGR
993,SDIG
994,SDVY
995,SEAT
996,SECO
997,SEDG
998,SEEL
999,SEER
1000,SFIX
1001,SFNC
1002,SFWL
1003,SGBX
1004,SGD
1005,SGHT
1006,SGLY
1007,SGML
1008,SGRY
1009,SHCR
1010,SHOT
1011,SHV
1012,SHY
1013,SHYF
1014,SIDU
1015,SIEN
1016,SIGA
1017,SIGI
1018,SINT
1019,SIRI
1020,SJ
1021,SKIN
1022,SKWD
1023,SKYX
1024,SLQD
1025,SLRN
1026,SMFL
1027,SMPL
1028,SMSI
1029,SMTC
1030,SMX
1031,SNBR
1032,SNCY
1033,SNDL
1034,SNDX
1035,SNES
1036,SNGX
1037,SNOA
1038,SNTI
1039,SNY
1040,SOFI
1041,SOLO
1042,SOPA
1043,SOVO
1044,SPCB
1045,SPEC
1046,SPLK
1047,SPPL
1048,SPRC
1049,SPTN
1050,SPWH
1051,SPWR
1052,SQQQ
1053,SRAD
1054,SRCL
1055,SRRK
1056,SSP
1057,SSRM
1058,SSYS
1059,STAA
1060,STER
1061,STI
1062,STNE
1063,STOK
1064,STRC
1065,STTK
1066,SUGP
1067,SUNW
1068,SUPN
1069,SURG
1070,SUSC
1071,SVC
1072,SVII
1073,SVMH
1074,SWIM
1075,SWKS
1076,SXTC
1077,SXTP
1078,SYM
1079,SYNA
1080,SYRE
1081,SYRS
1082,TALK
1083,TANH
1084,TASK
1085,TBIL
1086,TBIO
1087,TBPH
1088,TCBI
1089,TCBP
1090,TCMD
1091,TCON
1092,TCPC
1093,TCRT
1094,TDSC
1095,TDUP
1096,TEAM
1097,TECH
1098,TENX
1099,TER
1100,TFSL
1101,TGTX
1102,TH
1103,THAR
1104,THRX
1105,TIGR
1106,TIO
1107,TIRX
1108,TKLF
1109,TLRY
1110,TLS
1111,TLT
1112,TMC
1113,TMUS
1114,TNDM
1115,TNON
1116,TNXP
1117,TOP
1118,TOUR
1119,TOWN
1120,TPIC
1121,TPST
1122,TREE
1123,TRIN
1124,TRMD
1125,TRMK
1126,TRNR
1127,TROW
1128,TRS
1129,TRUP
1130,TSLA
1131,TSLL
1132,TSLT
1133,TSP
1134,TTEC
1135,TTMI
1136,TTOO
1137,TTWO
1138,TVTX
1139,TWKS
1140,TWOU
1141,TXG
1142,TXN
1143,UAL
1144,UBSI
1145,UCAR
1146,UCBI
1147,UDMY
1148,UFPI
1149,UK
1150,UMBF
1151,UNIT
1152,UPBD
1153,UPST
1154,UPWK
1155,USIG
1156,UTHR
1157,VANI
1158,VAXX
1159,VBTX
1160,VC
1161,VCIG
1162,VCIT
1163,VCLT
1164,VCSH
1165,VCYT
1166,VERO
1167,VERU
1168,VERV
1169,VERX
1170,VFF
1171,VFS
1172,VGIT
1173,VGLT
1174,VGSH
1175,VIAV
1176,VIEW
1177,VIGI
1178,VIR
1179,VIRC
1180,VIRI
1181,VIRT
1182,VLCN
1183,VLY
1184,VMBS
1185,VMEO
1186,VNDA
1187,VNET
1188,VNQI
1189,VOD
1190,VONV
1191,VOR
1192,VRA
1193,VRCA
1194,VRDN
1195,VREX
1196,VRIG
1197,VRNA
1198,VRRM
1199,VRSK
1200,VRSN
1201,VRTX
1202,VSAT
1203,VTGN
1204,VTIP
1205,VTNR
1206,VTWO
1207,VUZI
1208,VWE
1209,VWOB
1210,VXUS
1211,VYGR
1212,VYMI
1213,WAFD
1214,WB
1215,WBA
1216,WBD
1217,WBUY
1218,WCLD
1219,WEN
1220,WERN
1221,WEST
1222,WGMI
1223,WHLR
1224,WINT
1225,WISA
1226,WKHS
1227,WLDS
1228,WMG
1229,WNW
1230,WOOF
1231,WORX
1232,WSBC
1233,WSFS
1234,WVE
1235,WW
1236,XEL
1237,XENE
1238,XFOR
1239,XLO
1240,XMTR
1241,XP
1242,XRAY
1243,XTKG
1244,XXII
1245,YGMZ
1246,YS
1247,YY
1248,Z
1249,ZCAR
1250,ZD
1251,ZG
1252,ZION
1253,ZLAB
1254,ZM
1255,ZNTL
1256,ZS
1257,ZVSA
1258,ZYME
1259,HLXB
1260,KYTX
1261,SELX
1262,DYCQU
1263,WETH
1264,A
1265,AA
1266,AAN
1267,AAP
1268,AAT
1269,ABEV
1270,ABM
1271,ABR
1272,ACA
1273,ACCO
1274,ACHR
1275,ACI
1276,ACM
1277,ACP
1278,ACRE
1279,ADC
1280,ADM
1281,ADNT
1282,ADT
1283,AEE
1284,AEG
1285,AEL
1286,AEM
1287,AES
1288,AEVA
1289,AFL
1290,AG
1291,AGCO
1292,AGG
1293,AGI
1294,AGL
1295,AGQ
1296,AGR
1297,AGRO
1298,AGTI
1299,AHH
1300,AHT
1301,AI
1302,AIG
1303,AIRC
1304,AIV
1305,AKR
1306,AL
1307,ALB
1308,ALE
1309,ALEX
1310,ALTG
1311,ALTM
1312,AMBC
1313,AMC
1314,AMCR
1315,AMDY
1316,AMG
1317,AMH
1318,AMN
1319,AMP
1320,AMPX
1321,AMPY
1322,AMR
1323,AMRC
1324,AMT
1325,AMWL
1326,AMX
1327,AN
1328,ANRO
1329,ANVS
1330,AOD
1331,AOR
1332,AOS
1333,APAM
1334,APD
1335,APLE
1336,APTV
1337,AQN
1338,ARCH
1339,ARCO
1340,ARE
1341,ARI
1342,ARKF
1343,ARKK
1344,ARKW
1345,ARLO
1346,ARR
1347,ARW
1348,ASAI
1349,ASAN
1350,ASB
1351,ASG
1352,ATEN
1353,ATGE
1354,ATHM
1355,ATKR
1356,ATMU
1357,ATO
1358,ATUS
1359,AU
1360,AUB
1361,AVA
1362,AVB
1363,AVD
1364,AVDE
1365,AVDV
1366,AVEM
1367,AVNS
1368,AVNT
1369,AVUV
1370,AWK
1371,AWP
1372,AWR
1373,AX
1374,AXL
1375,AXTA
1376,AYX
1377,AZUL
1378,BA
1379,BAB
1380,BAC
1381,BAK
1382,BALY
1383,BAR
1384,BB
1385,BBAG
1386,BBAI
1387,BBD
1388,BBDC
1389,BBN
1390,BBW
1391,BBWI
1392,BBY
1393,BC
1394,BCAT
1395,BCC
1396,BCE
1397,BCI
1398,BCO
1399,BCSF
1400,BCX
1401,BDJ
1402,BDN
1403,BDX
1404,BE
1405,BEKE
1406,BEN
1407,BEP
1408,BEPC
1409,BERY
1410,BERZ
1411,BFLY
1412,BFX
1413,BG
1414,BGS
1415,BGY
1416,BHC
1417,BHLB
1418,BHP
1419,BHR
1420,BHVN
1421,BIG
1422,BIL
1423,BILL
1424,BILS
1425,BINC
1426,BIP
1427,BIPC
1428,BITI
1429,BITQ
1430,BIV
1431,BIZD
1432,BKD
1433,BKE
1434,BKH
1435,BKKT
1436,BKLN
1437,BKU
1438,BLK
1439,BLND
1440,BLV
1441,BMO
1442,BMY
1443,BN
1444,BNED
1445,BNKU
1446,BNL
1447,BNS
1448,BOH
1449,BOIL
1450,BOND
1451,BORR
1452,BOWL
1453,BOX
1454,BP
1455,BR
1456,BRBR
1457,BRCC
1458,BRDG
1459,BROS
1460,BRSP
1461,BRW
1462,BRX
1463,BSAC
1464,BSBR
1465,BSM
1466,BSV
1467,BTCM
1468,BTI
1469,BTU
1470,BTZ
1471,BUD
1472,BUR
1473,BURL
1474,BVN
1475,BW
1476,BWA
1477,BWX
1478,BXMT
1479,BXMX
1480,BXP
1481,BXSL
1482,BYD
1483,BYON
1484,BZH
1485,C
1486,CADE
1487,CAE
1488,CAG
1489,CAH
1490,CALX
1491,CARR
1492,CARS
1493,CBRE
1494,CBU
1495,CC
1496,CCI
1497,CCJ
1498,CCK
1499,CCL
1500,CCO
1501,CCS
1502,CDE
1503,CDP
1504,CE
1505,CEF
1506,CEIX
1507,CEPU
1508,CF
1509,CFG
1510,CFR
1511,CGA
1512,CGAU
1513,CGCP
1514,CGDV
1515,CGMS
1516,CHGG
1517,CHH
1518,CHMI
1519,CHPT
1520,CHWY
1521,CIB
1522,CIG
1523,CIM
1524,CIO
1525,CION
1526,CIVI
1527,CLB
1528,CLCO
1529,CLDT
1530,CLF
1531,CLIP
1532,CLVT
1533,CM
1534,CMA
1535,CMF
1536,CMP
1537,CMRE
1538,CMS
1539,CMTG
1540,CNA
1541,CNHI
1542,CNI
1543,CNMD
1544,CNNE
1545,CNO
1546,CNP
1547,CNQ
1548,CNX
1549,CODI
1550,COF
1551,COLD
1552,COMP
1553,CONY
1554,COOK
1555,COP
1556,COPX
1557,COUR
1558,CPA
1559,CPB
1560,CPE
1561,CPNG
1562,CPRI
1563,CPT
1564,CQQQ
1565,CRGY
1566,CRK
1567,CRS
1568,CSAN
1569,CTRA
1570,CTV
1571,CUBE
1572,CUBI
1573,CUK
1574,CURO
1575,CUZ
1576,CVNA
1577,CVS
1578,CWAN
1579,CWB
1580,CWEB
1581,CWEN
1582,CWEN-A
1583,CWH
1584,CWI
1585,CWK
1586,CWT
1587,CX
1588,CXM
1589,CXW
1590,CYH
1591,D
1592,DAL
1593,DAN
1594,DAR
1595,DAVA
1596,DB
1597,DBC
1598,DBRG
1599,DD
1600,DDD
1601,DDL
1602,DE
1603,DEA
1604,DEI
1605,DELL
1606,DESP
1607,DFAE
1608,DFAI
1609,DFAS
1610,DFAT
1611,DFAX
1612,DFCF
1613,DFEM
1614,DFGR
1615,DFH
1616,DFIV
1617,DFLV
1618,DFSD
1619,DFSV
1620,DFUV
1621,DGRO
1622,DGS
1623,DGX
1624,DHF
1625,DHI
1626,DHT
1627,DIA
1628,DIN
1629,DIVO
1630,DLB
1631,DLR
1632,DLX
1633,DLY
1634,DM
1635,DNA
1636,DNB
1637,DNP
1638,DO
1639,DOC
1640,DOCN
1641,DOCS
1642,DOG
1643,DOLE
1644,DOUG
1645,DOW
1646,DPST
1647,DQ
1648,DRD
1649,DRH
1650,DRI
1651,DRIP
1652,DRN
1653,DRQ
1654,DSL
1655,DSX
1656,DT
1657,DTC
1658,DTE
1659,DUG
1660,DUK
1661,DVN
1662,DX
1663,DXC
1664,DXD
1665,E
1666,EAF
1667,EAGG
1668,EARN
1669,EBND
1670,EC
1671,ECAT
1672,ECC
1673,ED
1674,EDD
1675,EDR
1676,EDV
1677,EE
1678,EELV
1679,EEM
1680,EFA
1681,EFC
1682,EG
1683,EGO
1684,EGP
1685,EGY
1686,EHAB
1687,EIDO
1688,EIX
1689,EJAN
1690,ELME
1691,ELP
1692,ELS
1693,EMCR
1694,EMD
1695,EMLC
1696,EMLP
1697,EMN
1698,ENB
1699,ENFN
1700,ENIC
1701,ENLC
1702,ENR
1703,ENS
1704,ENV
1705,EOG
1706,EPAM
1707,EPP
1708,EPR
1709,EPRT
1710,EQC
1711,EQH
1712,EQNR
1713,EQR
1714,EQT
1715,ERJ
1716,ERO
1717,ERY
1718,ES
1719,ESI
1720,ESNT
1721,ESRT
1722,ESS
1723,ETR
1724,ETRN
1725,ETW
1726,ETWO
1727,EURN
1728,EVA
1729,EVC
1730,EVH
1731,EVRI
1732,EWA
1733,EWC
1734,EWD
1735,EWG
1736,EWH
1737,EWL
1738,EWM
1739,EWP
1740,EWQ
1741,EWS
1742,EWT
1743,EWU
1744,EWW
1745,EWY
1746,EWZ
1747,EXG
1748,EXK
1749,EXPD
1750,EXR
1751,EXTO
1752,F
1753,FAF
1754,FAZ
1755,FBND
1756,FBP
1757,FBRT
1758,FCF
1759,FCG
1760,FCN
1761,FCPT
1762,FCX
1763,FDL
1764,FDP
1765,FDS
1766,FDVV
1767,FDX
1768,FE
1769,FF
1770,FFWM
1771,FHN
1772,FIGS
1773,FIS
1774,FLCB
1775,FLCO
1776,FLGB
1777,FLGV
1778,FLNG
1779,FLO
1780,FLR
1781,FLRN
1782,FLT
1783,FLTR
1784,FM
1785,FMC
1786,FMS
1787,FN
1788,FNB
1789,FND
1790,FNDA
1791,FNDE
1792,FNDF
1793,FNDX
1794,FNGD
1795,FNV
1796,FOUR
1797,FPE
1798,FPEI
1799,FPI
1800,FREY
1801,FRGE
1802,FRT
1803,FSCO
1804,FSIG
1805,FSK
1806,FSLY
1807,FSM
1808,FSR
1809,FTS
1810,FUBO
1811,FUL
1812,FUN
1813,FUTY
1814,FVD
1815,FVRR
1816,FXI
1817,FXN
1818,GATO
1819,GBCI
1820,GBIL
1821,GBX
1822,GCI
1823,GDOT
1824,GDX
1825,GDXJ
1826,GDXU
1827,GEL
1828,GETY
1829,GGB
1830,GIS
1831,GLD
1832,GLDM
1833,GLOB
1834,GLW
1835,GME
1836,GMED
1837,GMRE
1838,GNL
1839,GNR
1840,GNRC
1841,GNW
1842,GOF
1843,GOLD
1844,GPK
1845,GPMT
1846,GPN
1847,GPRK
1848,GPS
1849,GRND
1850,GS
1851,GSIE
1852,GSL
1853,GSY
1854,GTLS
1855,GTN
1856,GTO
1857,GTY
1858,GUNR
1859,GVA
1860,GWH
1861,GXC
1862,GXO
1863,H
1864,HAE
1865,HAL
1866,HASI
1867,HAYW
1868,HBM
1869,HCC
1870,HDB
1871,HDEF
1872,HDV
1873,HE
1874,HFRO
1875,HG
1876,HI
1877,HIBS
1878,HIGH
1879,HIO
1880,HIW
1881,HIX
1882,HKD
1883,HL
1884,HLF
1885,HLLY
1886,HLN
1887,HMY
1888,HOMB
1889,HOUS
1890,HPE
1891,HPP
1892,HPQ
1893,HR
1894,HRB
1895,HRL
1896,HRTG
1897,HSBC
1898,HSY
1899,HTH
1900,HUM
1901,HUN
1902,HUYA
1903,HYG
1904,HYLB
1905,HYMB
1906,HYT
1907,HZO
1908,IAT
1909,IAU
1910,IAUM
1911,IBDP
1912,IBDQ
1913,IBDR
1914,IBDS
1915,IBDT
1916,IBDU
1917,IBDV
1918,IBDW
1919,ICL
1920,IDA
1921,IDEV
1922,IEMG
1923,IEUR
1924,IEV
1925,IEZ
1926,IFF
1927,IGD
1928,IGLB
1929,IGR
1930,IGT
1931,IHS
1932,IIPR
1933,IJH
1934,IJR
1935,IJS
1936,ILF
1937,IMAX
1938,INFL
1939,ING
1940,INN
1941,INSP
1942,INST
1943,INVH
1944,IONQ
1945,IOT
1946,IP
1947,IPG
1948,IRM
1949,IRT
1950,IT
1951,ITGR
1952,ITW
1953,IVE
1954,IVLU
1955,IVOL
1956,IVR
1957,IVT
1958,IVZ
1959,IWD
1960,IWM
1961,IWMY
1962,IWN
1963,IWO
1964,IWR
1965,IWS
1966,IXC
1967,IYE
1968,IYR
1969,JAAA
1970,JANW
1971,JBGS
1972,JCI
1973,JEF
1974,JELD
1975,JEPI
1976,JFR
1977,JHMM
1978,JKS
1979,JLL
1980,JMBS
1981,JNJ
1982,JNK
1983,JNUG
1984,JOBY
1985,JPC
1986,JPST
1987,JQC
1988,JXN
1989,K
1990,KAR
1991,KBE
1992,KBH
1993,KD
1994,KEY
1995,KEYS
1996,KGC
1997,KIM
1998,KIND
1999,KLIP
2000,KMB
2001,KMI
2002,KMT
2003,KMX
2004,KN
2005,KNTK
2006,KNX
2007,KO
2008,KODK
2009,KORU
2010,KOS
2011,KRC
2012,KRE
2013,KREF
2014,KRG
2015,KRO
2016,KRP
2017,KSA
2018,KSS
2019,KVUE
2020,KW
2021,KWEB
2022,LAAC
2023,LABD
2024,LABU
2025,LAC
2026,LADR
2027,LAZ
2028,LC
2029,LCII
2030,LDI
2031,LEA
2032,LEG
2033,LEN
2034,LEO
2035,LEV
2036,LGF-A
2037,LGF-B
2038,LH
2039,LICY
2040,LII
2041,LIT
2042,LL
2043,LMND
2044,LMT
2045,LNC
2046,LNG
2047,LOMA
2048,LPG
2049,LPL
2050,LPX
2051,LQD
2052,LRN
2053,LSPD
2054,LTC
2055,LTH
2056,LTPZ
2057,LU
2058,LUMN
2059,LW
2060,LXFR
2061,LXP
2062,LXU
2063,LYB
2064,LYG
2065,LYV
2066,LZB
2067,M
2068,MAA
2069,MAIN
2070,MAN
2071,MANU
2072,MATV
2073,MATX
2074,MC
2075,MCD
2076,MCO
2077,MD
2078,MDT
2079,MDY
2080,MDYV
2081,MED
2082,MEI
2083,MET
2084,MFA
2085,MFG
2086,MGA
2087,MGM
2088,MHO
2089,MIN
2090,MINT
2091,MIR
2092,MITT
2093,MJ
2094,MKC
2095,MKFG
2096,MLNK
2097,MMM
2098,MNSO
2099,MO
2100,MODG
2101,MODN
2102,MORT
2103,MOS
2104,MP
2105,MPLN
2106,MRO
2107,MS
2108,MSCI
2109,MT
2110,MTB
2111,MTG
2112,MTH
2113,MTW
2114,MTZ
2115,MUB
2116,MUC
2117,MUI
2118,MUR
2119,MUX
2120,MX
2121,MYD
2122,MYE
2123,MYI
2124,NABL
2125,NAC
2126,NAD
2127,NAPA
2128,NAT
2129,NATL
2130,NBR
2131,NCLH
2132,NCV
2133,NCZ
2134,NE
2135,NEA
2136,NEE
2137,NEM
2138,NEP
2139,NFG
2140,NFJ
2141,NGG
2142,NGVT
2143,NI
2144,NINE
2145,NIO
2146,NJR
2147,NKE
2148,NLY
2149,NMCO
2150,NNN
2151,NOC
2152,NOG
2153,NOK
2154,NOV
2155,NOVA
2156,NPWR
2157,NR
2158,NRDY
2159,NRG
2160,NRGV
2161,NRK
2162,NSA
2163,NSP
2164,NTB
2165,NTCO
2166,NTR
2167,NTST
2168,NUGT
2169,NUS
2170,NUV
2171,NVG
2172,NVRI
2173,NVRO
2174,NVS
2175,NVST
2176,NWG
2177,NWN
2178,NYCB
2179,NYT
2180,NZF
2181,O
2182,OBDC
2183,OC
2184,OEC
2185,OFG
2186,OGE
2187,OGS
2188,OHI
2189,OIH
2190,OIS
2191,OKE
2192,OLN
2193,OMC
2194,OMF
2195,ONL
2196,OPFI
2197,OR
2198,ORA
2199,ORAN
2200,ORC
2201,ORI
2202,OSK
2203,OUNZ
2204,OUST
2205,OUT
2206,PAAS
2207,PACK
2208,PAGS
2209,PATH
2210,PAY
2211,PAYC
2212,PB
2213,PBA
2214,PBI
2215,PBW
2216,PCG
2217,PCY
2218,PD
2219,PDI
2220,PDM
2221,PDO
2222,PEAK
2223,PEG
2224,PFE
2225,PFFA
2226,PFFD
2227,PFLT
2228,PFN
2229,PFS
2230,PFSI
2231,PFXF
2232,PGF
2233,PGRE
2234,PGTI
2235,PGX
2236,PHG
2237,PHK
2238,PHM
2239,PHYS
2240,PII
2241,PINS
2242,PK
2243,PKG
2244,PL
2245,PLD
2246,PLNT
2247,PLYM
2248,PM
2249,PML
2250,PMT
2251,PNC
2252,PNM
2253,PNNT
2254,PNW
2255,POR
2256,PPG
2257,PPL
2258,PRA
2259,PREF
2260,PRF
2261,PRGO
2262,PRMW
2263,PRO
2264,PRU
2265,PSA
2266,PSFE
2267,PSLV
2268,PSO
2269,PSQ
2270,PTY
2271,PUK
2272,PULS
2273,PUMP
2274,PWR
2275,PWSC
2276,PX
2277,PXH
2278,PYLD
2279,PZA
2280,QGEN
2281,QID
2282,QS
2283,QSR
2284,QTWO
2285,R
2286,RA
2287,RAMP
2288,RBA
2289,RBLX
2290,RBOT
2291,RBT
2292,RC
2293,RCI
2294,RCL
2295,RCUS
2296,RDN
2297,REET
2298,RERE
2299,REXR
2300,RF
2301,RGA
2302,RH
2303,RHI
2304,RIG
2305,RIO
2306,RITM
2307,RKT
2308,RLJ
2309,RMAX
2310,RNG
2311,RNST
2312,RODM
2313,ROK
2314,ROL
2315,RPV
2316,RQI
2317,RSKD
2318,RSP
2319,RTO
2320,RVT
2321,RVTY
2322,RWM
2323,RWR
2324,RWT
2325,RXO
2326,RY
2327,RYLD
2328,RYN
2329,SABA
2330,SAFE
2331,SAH
2332,SAN
2333,SAND
2334,SAVE
2335,SBH
2336,SBOW
2337,SBSW
2338,SCCO
2339,SCHA
2340,SCHC
2341,SCHD
2342,SCHE
2343,SCHF
2344,SCHH
2345,SCHI
2346,SCHM
2347,SCHO
2348,SCHP
2349,SCHQ
2350,SCHR
2351,SCHV
2352,SCHW
2353,SCHZ
2354,SCO
2355,SCS
2356,SD
2357,SDIV
2358,SDOW
2359,SDRL
2360,SDS
2361,SDY
2362,SEAS
2363,SEE
2364,SEM
2365,SEMR
2366,SES
2367,SGOL
2368,SGOV
2369,SH
2370,SHCO
2371,SHEL
2372,SHM
2373,SHO
2374,SHOP
2375,SHYG
2376,SID
2377,SIG
2378,SIL
2379,SILJ
2380,SIVR
2381,SIX
2382,SJM
2383,SJNK
2384,SJT
2385,SKX
2386,SLB
2387,SLCA
2388,SLG
2389,SLGN
2390,SLV
2391,SLYG
2392,SLYV
2393,SMAR
2394,SMG
2395,SMR
2396,SMRT
2397,SMTH
2398,SNA
2399,SNAP
2400,SNDR
2401,SNV
2402,SNX
2403,SO
2404,SOI
2405,SOL
2406,SON
2407,SONY
2408,SOS
2409,SOXS
2410,SPAB
2411,SPBO
2412,SPCE
2413,SPDN
2414,SPDW
2415,SPEM
2416,SPGI
2417,SPGP
2418,SPHB
2419,SPHD
2420,SPHY
2421,SPIB
2422,SPIP
2423,SPLB
2424,SPLV
2425,SPMB
2426,SPMD
2427,SPNT
2428,SPSB
2429,SPSM
2430,SPTI
2431,SPTL
2432,SPTS
2433,SPXS
2434,SPXU
2435,SPYD
2436,SPYV
2437,SQ
2438,SQM
2439,SQNS
2440,SQSP
2441,SR
2442,SRE
2443,SRFM
2444,SRG
2445,SRLN
2446,SRTY
2447,SSB
2448,SSL
2449,SSTK
2450,ST
2451,STAG
2452,STEM
2453,STIP
2454,STM
2455,STR
2456,STT
2457,STWD
2458,STZ
2459,SU
2460,SUB
2461,SUI
2462,SUZ
2463,SVOL
2464,SWI
2465,SWK
2466,SWN
2467,SWX
2468,SXC
2469,SYF
2470,T
2471,TAC
2472,TAK
2473,TALO
2474,TAN
2475,TAP
2476,TBI
2477,TCS
2478,TD
2479,TDC
2480,TDCX
2481,TDOC
2482,TDS
2483,TDTF
2484,TDTT
2485,TDW
2486,TDY
2487,TECK
2488,TECS
2489,TEF
2490,TEX
2491,TFC
2492,TFI
2493,TFLO
2494,TFX
2495,TGH
2496,TGI
2497,TGLS
2498,TGNA
2499,TGS
2500,THR
2501,THS
2502,TIMB
2503,TIP
2504,TIPX
2505,TKC
2506,TKR
2507,TLH
2508,TMF
2509,TMO
2510,TMST
2511,TNA
2512,TNET
2513,TNP
2514,TOTL
2515,TPC
2516,TPH
2517,TPVG
2518,TPX
2519,TRN
2520,TRNO
2521,TRP
2522,TRTX
2523,TS
2524,TSE
2525,TSLX
2526,TSLY
2527,TSN
2528,TTC
2529,TTE
2530,TTI
2531,TU
2532,TUA
2533,TUP
2534,TUYA
2535,TWI
2536,TWLO
2537,TWM
2538,TWO
2539,TZA
2540,U
2541,UA
2542,UAA
2543,UBS
2544,UCON
2545,UDR
2546,UE
2547,UGI
2548,UHAL-B
2549,UIS
2550,UMC
2551,UMH
2552,UNFI
2553,UNG
2554,UNH
2555,UP
2556,UPS
2557,URTY
2558,USA
2559,USAC
2560,USB
2561,USDU
2562,USFR
2563,USM
2564,USRT
2565,UTF
2566,UUP
2567,UVV
2568,UWM
2569,UWMC
2570,VAC
2571,VAL
2572,VALE
2573,VATE
2574,VB
2575,VBK
2576,VBR
2577,VEA
2578,VET
2579,VEU
2580,VFC
2581,VGK
2582,VGR
2583,VICI
2584,VIPS
2585,VLD
2586,VLRS
2587,VMO
2588,VNLA
2589,VNO
2590,VNQ
2591,VO
2592,VOE
2593,VOYA
2594,VPL
2595,VPU
2596,VRE
2597,VRP
2598,VSH
2599,VSS
2600,VSTS
2601,VTEB
2602,VTEX
2603,VTR
2604,VTV
2605,VVR
2606,VWO
2607,VXF
2608,VYM
2609,VYX
2610,VZ
2611,W
2612,WAL
2613,WBS
2614,WBX
2615,WCC
2616,WD
2617,WDS
2618,WEAT
2619,WEBS
2620,WEC
2621,WGO
2622,WH
2623,WHR
2624,WIW
2625,WK
2626,WLK
2627,WLY
2628,WMB
2629,WNC
2630,WNS
2631,WOLF
2632,WPC
2633,WPM
2634,WRBY
2635,WRK
2636,WSO
2637,WST
2638,WTI
2639,WTRG
2640,WWW
2641,WY
2642,X
2643,XBI
2644,XCEM
2645,XFLT
2646,XHLF
2647,XHR
2648,XLB
2649,XLP
2650,XLRE
2651,XLU
2652,XLY
2653,XME
2654,XPER
2655,XPEV
2656,XPOF
2657,XRT
2658,XSOE
2659,XYLD
2660,YALA
2661,YANG
2662,YELP
2663,YETI
2664,YEXT
2665,YINN
2666,YMM
2667,YOU
2668,YPF
2669,YSG
2670,YUMC
2671,YYY
2672,ZH
2673,ZIM
2674,ZIP
2675,ZROZ
2676,ZSL
2677,ZTO
2678,ZTR
2679,ZTS
2680,ZUO
